Day of Week,Director,Genre,Movie Title,Release Date,Studio,Adjusted Gross ($mill),Budget ($mill),Gross ($mill),IMDb Rating,MovieLens Rating,Runtime (min),Overseas ($mill)
Friday,Brad Bird,action,Tomorrowland,22/05/2015,Buena Vista Studios,202.1,170,202.1,6.7,3.26,130,111.9
Friday,Scott Waugh,action,Need for Speed,14/03/2014,Buena Vista Studios,204.2,66,203.3,6.6,2.97,132,159.7
Friday,Patrick Hughes,action,The Expendables 3,15/08/2014,Lionsgate,207.1,100,206.2,6.1,2.93,126,166.9
Friday,"Phil Lord, Chris Miller",comedy,21 Jump Street,16/03/2012,Sony,208.8,42,201.6,7.2,3.62,109,63.1
Friday,Roland Emmerich,action,White House Down,28/06/2013,Sony,209.7,150,205.4,8,3.65,131,132.3
Friday,David Ayer,action,Fury,17/10/2014,Sony,212.8,80,211.8,5.8,2.85,134,126
Thursday,Rob Marshall,adventure,Into the Woods,25/12/2014,Buena Vista Studios,213.9,50,212.9,6,3.16,125,84.9
Friday,Daniel Espinosa,action,Safe House,10/2/2012,Universal,215.5,85,208.1,6.8,3.45,115,81.7
Friday,Gary Shore,action,Dracula Untold,10/10/2014,Universal,216.5,70,215.5,6.3,2.92,92,159.2
Friday,"Henry Joost, Ariel Schulman",horror,Paranormal Activity 3,21/10/2011,Paramount Pictures,218.8,5,207,5.9,2.9,84,103
Friday,Eric Brevig,animation,Yogi Bear,17/12/2010,WB,219.9,80,201.6,4.5,2.17,80,101.3
Friday,Morten Tyldum,biography,The Imitation Game,28/11/2014,Weinstein Company,221,15,220,8.1,4,114,128.9
Thursday,Bryan Singer,biography,Valkyrie,25/12/2008,UA Entertainment,221.2,75,200.3,7.1,3.44,121,117.2
Friday,Seth Gordon,comedy,Horrible Bosses,8/7/2011,WB/New Line,221.6,37,209.6,6.9,3.37,98,92.1
Friday,Ryan Murphy,drama,Eat Pray Love,13/08/2010,Sony,223.1,60,204.6,5.6,2.84,133,124
Friday,Paul Greengrass,drama,Captain Phillips,11/10/2013,Sony,223.4,55,218.8,7.9,3.84,134,111.7
Friday,Hayao Miyazaki,animation,Ponyo,14/08/2009,Buena Vista Studios,223.7,34,201.8,7.7,3.82,101,186.7
Friday,Jaume Collet-Serra,action,Non-Stop,28/02/2014,Universal,223.8,50,222.8,7,3.4,106,130.6
Friday,Jonathan Liebesman,action,Battle: Los Angeles,11/3/2011,Sony,223.9,70,211.8,7.6,3.65,116,128.3
Friday,Christopher McQuarrie,action,Jack Reacher,21/12/2012,Paramount Pictures,226.1,60,218.3,7,3.46,130,138.3
Friday,Dennis Dugan,comedy,Just Go With It,11/2/2011,Sony,227.2,80,214.9,6.4,3.17,117,111.9
Friday,Robert Luketic,comedy,The Ugly Truth,24/07/2009,Sony,227.6,38,205.3,6.5,3.21,96,116.4
Friday,Jake Kasdan,comedy,Bad Teacher,24/06/2011,Sony,228.6,19,216.2,5.7,2.96,92,115.9
Wednesday,Tate Taylor,drama,The Help,10/8/2011,Buena Vista Studios,229,25,216.6,8.1,3.93,146,46.9
Friday,Todd Phillips,comedy,Due Date,5/11/2010,WB,231,65,211.8,6.6,3.17,95,111.2
Friday,Tommy Wirkola,action,Hansel and Gretel: Witch Hunters,25/01/2013,Paramount Pictures,231,50,226.3,6.1,2.9,88,170.6
Friday,Adam Shankman,musical,Hairspray (2007),20/07/2007,New Line Cinema,232.3,75,202.5,6.8,3.44,117,83.7
Friday,Martin Campbell,action,Green Lantern,17/06/2011,WB,232.5,200,219.9,5.7,2.87,114,103.3
Wednesday,Baz Luhrmann,adventure,Australia,26/11/2008,Fox,233.4,78,211.3,7.6,3.5,165,161.8
Friday,Neill Blomkamp,sci-fi,District 9,14/08/2009,TriStar,233.7,30,210.8,8,3.87,112,95.2
Friday,Paul Feig,action,The Heat,28/06/2013,Fox,234.7,43,229.9,6.6,4.07,117,70.3
Wednesday,Jon Turteltaub,action,The Sorcerer's Apprentice,14/07/2010,Buena Vista Studios,234.8,160,215.3,7.1,3.48,109,152.1
Thursday,Adam Shankman,comedy,Bedtime Stories,25/12/2008,Buena Vista Studios,235.2,80,212.9,6.1,3.12,99,102.8
Friday,Garry Marshall,comedy,Valentine's Day,12/2/2010,WB,236.1,52,216.5,5.8,3,125,106
Wednesday,Michael Mann,biography,Public Enemies,1/7/2009,Universal,237.3,102.5,214.1,7,3.36,140,117
Friday,Brian Grant,crime,Immortals,11/11/2011,Relativity Media,239.9,75,226.9,6.1,2.93,98,143.4
Friday,Ben Affleck,drama,Argo,12/10/2012,WB,240.6,44.5,232.3,7.8,3.9,120,96.3
Friday,Michel Gondry,action,The Green Hornet,14/01/2011,Sony,240.8,110,227.8,5.9,2.97,119,129
Friday,Peyton Reed,comedy,The Break-Up,2/6/2006,Universal,241.8,52,205,5.8,2.94,106,86.3
Friday,Nancy Meyers,comedy,The Holiday,8/12/2006,Sony,241.9,85,205.1,6.9,3.53,138,141.9
Friday,Tom Vaughan,comedy,What Happens in Vegas,9/5/2008,Fox,242.3,35,219.4,7.3,3.51,99,139.1
Friday,Nancy Meyers,comedy,It's Complicated,25/12/2009,Universal,242.9,75,219.1,6.6,2.5,120,106.4
Friday,"Hayden Schlossberg, Jon Hurwitz",comedy,American Reunion,6/4/2012,Universal,243.4,50,235,6.8,3.17,113,178
Wednesday,Jose Padilha,sci-fi,RoboCop,12/2/2014,Sony,243.8,120,242.7,7.1,3.34,117,184.1
Friday,Klay Hall,animation,Planes,9/8/2013,Buena Vista Studios,244.3,50,239.3,5.7,2.86,91,149
Friday,Brett Ratner,action,Hercules (2015),25/07/2014,Paramount Pictures,244.5,100,243.4,6.1,3.33,98,170.7
Friday,David O. Russell,romance,Silver Linings Playbook,16/11/2012,Weinstein Company,244.9,21,236.4,7.8,3.86,122,104.3
Friday,David Fincher,biography,The Social Network,1/10/2010,Sony,245.3,40,224.9,7.8,3.67,120,128
Thursday,Doug Liman,action,Jumper,14/02/2008,Fox,245.4,82.5,222.2,6.1,2.98,88,142.1
Tuesday,David Fincher,crime,The Girl with the Dragon Tattoo (2011),20/12/2011,Sony,245.9,90,232.6,7.9,3.87,158,130.1
Wednesday,Dean Parisot,comedy,Fun with Dick and Jane,21/12/2005,Sony,246,140,202,6.1,3,90,91.7
Friday,Peyton Reed,comedy,Yes Man,19/12/2008,WB,246.5,50,223.2,6.9,3.46,104,125.6
Friday,Chris Columbus,fantasy,Percy Jackson & The Olympians: The Lightning Thief,12/2/2010,Fox,247,95,226.5,5.9,3.01,118,137.7
Friday,Paul W.S. Anderson,action,Resident Evil: Retribution,14/09/2012,Screen Gems,248.8,65,240.2,5.3,3,96,197.8
Friday,M. Night Shyamalan,action,After Earth,31/05/2013,Sony,248.9,130,243.8,4.9,2.43,100,183.3
Friday,Judd Apatow,comedy,Knocked Up,1/6/2007,Universal,251.3,27.5,219.1,7.1,3.59,129,70.3
Friday,Pierre Morel,action,Taken,30/01/2009,Fox,251.4,25,226.8,7.9,3.85,93,81.8
Friday,Dennis Dugan,comedy,Grown Ups 2,12/7/2013,Sony,252.1,80,247,5.4,2.34,101,113.3
Friday,Peter Hewitt,comedy,Garfield: The Movie,11/6/2004,Fox,252.8,50,200.8,4.9,2.27,80,125.4
Friday,Tim Burton,comedy,Dark Shadows,11/5/2012,WB,254.3,150,245.5,6.2,3.03,113,165.8
Friday,Peter Segal,action,Get Smart,20/06/2008,WB,254.8,80,230.7,6.5,3.27,110,100.4
Wednesday,Antoine Fuqua,action,King Arthur,7/7/2004,Buena Vista Studios,256.3,90,203.6,6.3,3.05,126,151.7
Friday,David O. Russell,drama,American Hustle,13/12/2013,Sony,256.4,40,251.2,6.3,2.81,138,101.1
Friday,John R. Leonetti,horror,Annabelle,3/10/2014,WB/New Line,256.5,6.5,255.3,5.4,2.41,99,171
Friday,Scott Derrickson,drama,The Day the Earth Stood Still (2008),12/12/2008,Fox,257.5,80,233.1,5.5,2.81,104,153.7
Friday,Ridley Scott,action,Kingdom of Heaven,6/5/2005,Fox,257.8,110,211.7,7.2,3.47,145,164.3
Saturday,Rob Letterman,adventure,Gulliver's Travels,25/12/2010,Fox,258.9,112,237.4,4.9,2.53,85,194.6
Friday,Paul King,comedy,Paddington,16/01/2015,StudioCanal,259.5,55,259.5,7.3,2.89,95,183.3
Friday,Gore Verbinski,animation,Rango,4/3/2011,Paramount Pictures,259.8,135,245.7,7.3,3.51,107,122.2
Friday,Mark Steven Johnson,action,Ghost Rider,16/02/2007,Sony,262.4,120,228.7,5.2,2.19,114,112.9
Friday,Brad Silberling,adventure,Lemony Snicket's A Series of Unfortunate Events,17/12/2004,Paramount Pictures,263.2,100,209.1,6.8,3.37,108,90.4
Friday,Steve Bendelack,comedy,Mr. Bean's Holiday,24/08/2007,Universal,263.5,25,229.7,6.3,2.84,90,196.4
Wednesday,Jason Reitman,comedy,Juno,5/12/2007,Fox Searchlight Pictures,265.5,7,231.4,6.3,2.97,96,87.9
Tuesday,Gore Verbinski,action,The Lone Ranger,2/7/2013,Buena Vista Studios,265.9,225,260.5,6.5,3.03,149,171.2
Friday,Pete Docter,animation,Inside Out,19/06/2015,Buena Vista Studios,266.6,175,266.6,8.8,4.15,102,81.5
Friday,Eric Brevig,action,Journey to the Center of the Earth,11/7/2008,WB/New Line,267.3,45,242,5.8,2.87,93,140.3
Thursday,David Frankel,comedy,Marley and Me,25/12/2008,Fox,268.1,60,242.7,6.2,2.96,115,99.6
Friday,Clark Johnson,action,S.W.A.T.,8/8/2003,Sony,268.4,70,207.7,6,3.01,117,90.8
Friday,Martin Scorsese,biography,The Aviator,17/12/2004,MiraMax,269,110,213.7,7.5,3.61,170,111.1
Friday,Ridley Scott,action,Exodus: Gods and Kings,12/12/2014,Fox,269.2,140,268,6.1,2.66,150,203
Friday,"Phil Lord, Chris Miller",animation,Cloudy with a Chance of Meatballs,18/09/2009,Sony,269.4,100,243,7,3.49,90,118.1
Friday,Nicholas Stoller,comedy,Neighbors,9/5/2014,Universal,269.4,18,268.2,6.4,3.09,97,118
Wednesday,Lawrence Guterman,action,Cats & Dogs,4/7/2001,WB,269.5,60,200.7,5.2,2.7,87,107.3
Wednesday,Dany Boon,drama,Bienvenue chez les Ch'tis,20/02/2008,Path_ Distribution,270.7,15.3,245.1,7.1,3.75,106,245.1
Friday,Robert Schwentke,action,Flightplan,23/09/2005,Buena Vista Studios,272,55,223.4,6.2,3.08,98,133.7
Wednesday,Clint Eastwood,drama,Million Dollar Baby,15/12/2004,WB,272.9,30,216.8,8.1,3.87,132,116.3
Friday,Cameron Crowe,mystery,Vanilla Sky,14/12/2001,Paramount Pictures,273.1,70,203.4,6.9,3.36,136,102.8
Friday,Peter Weir,action,Master and Commander: The Far Side of the World,14/11/2003,Fox,274,135,212,7.4,3.64,138,118.1
Friday,Chris Wedge,animation,Epic,24/05/2013,Fox,274,100,268.4,6.7,1.49,102,160.9
Friday,Rob Minkoff,animation,Mr. Peabody & Sherman,7/3/2014,Fox,274.1,145,272.9,6.9,3.4,92,161.4
Friday,Michael Mann,crime,Collateral,6/8/2004,DreamWorks,274.2,60,217.8,7.6,3.7,120,116.8
Thursday,J. J. Abrams,thriller,Super 8,9/6/2011,Paramount Pictures,275,50,260.1,7.1,3.53,112,133.1
Wednesday,"Ethan Coen, Joel Coen",adventure,True Grit,22/12/2010,Paramount Pictures,275.2,35,252.3,7.7,3.87,110,81
Wednesday,Rawson Marshall Thurber,comedy,We're the Millers,7/8/2013,WB,275.6,37,270,7.1,3.43,110,119.6
Friday,Steven Spielberg,drama,The Terminal,18/06/2004,DreamWorks,276.2,75,219.4,6.1,3.18,128,141.5
Friday,Brett Ratner,crime,Red Dragon,4/10/2002,Universal,276.5,78,209.2,7.2,3.57,124,116
Friday,Elizabeth Banks,comedy,Pitch Perfect 2,15/05/2015,Universal,276.9,29,276.9,6.9,3.3,115,95.9
Friday,Rob Cohen,action,The Fast and the Furious,22/06/2001,Universal,278.4,38,207.3,6.7,3.16,106,62.8
Friday,Kenny Ortega,comedy,High School Musical 3: Senior Year,24/10/2008,Buena Vista Studios,279.3,11,252.9,4.3,2.33,112,162.3
Wednesday,Michael Moore,documentary,Fahrenheit 9/11,23/06/2004,Lionsgate Films,280,6,222.4,7.5,3.57,122,103.3
Friday,"Cody Cameron, Kris Pearn",animation,Cloudy with a Chance of Meatballs 2,27/09/2013,Sony,280,78,274.3,6.5,3.21,95,154.5
Friday,Frank Coraci,comedy,Click,23/06/2006,Revolution Studios,280.4,82.5,237.7,6.4,3.11,107,100.3
Friday,Francis Lawrence,fantasy,Constantine,18/02/2005,WB,281.2,100,230.9,7.6,3.35,121,154.9
Friday,Alejandro Amenˆbar,horror,The Others,10/8/2001,MiraMax,281.8,17,209.9,7.6,3.71,101,113.4
Friday,Doug Liman,action,The Bourne Identity,14/06/2002,Universal,282.9,60,214,7.9,3.9,119,92.4
Friday,Jon Favreau,comedy,Elf,7/11/2003,New Line Cinema,284.8,32,220.4,6.9,3.41,97,47
Friday,Steven Spielberg,biography,Lincoln,9/11/2012,Buena Vista Studios,285.1,65,275.3,7.4,3.74,150,93.1
Friday,David Zucker,comedy,Scary Movie 3,24/10/2003,Dimension Films,285.2,45,220.7,5.4,2.46,84,110.7
Wednesday,James Mangold,action,Knight & Day,23/06/2010,Fox,285.6,117,261.9,6.3,3.27,109,185.5
Friday,Tony Gilroy,action,The Bourne Legacy,10/8/2012,Universal,286,125,276.1,6.7,3.49,135,162.9
Friday,Hayao Miyazaki,animation,Howl's Moving Castle,10/6/2005,Buena Vista Studios,286.4,24,235.2,8.2,4.07,119,230.5
Wednesday,Steven Soderbergh,crime,Traffic,27/12/2000,USA,286.6,48,207.5,7.7,3.82,147,83.4
Wednesday,David Soren,animation,Turbo,17/07/2013,Fox,288.5,135,282.6,6.5,2.94,96,199.5
Wednesday,Kenny Ortega,documentary,Michael Jackson's This Is It,28/10/2009,Sony,289.5,60,261.2,7.6,3.37,111,189.1
Friday,Neil Burger,adventure,Divergent,21/03/2014,Lionsgate/Summit,290,85,288.7,6.8,3.41,139,137.8
Friday,Walt Becker,action,Wild Hogs,2/3/2007,Buena Vista Studios,290.9,60,253.6,5.9,2.79,100,85.4
Friday,Neill Blomkamp,action,Elysium,9/8/2013,TriStar,292.1,120,286.1,6.7,3.29,109,193.1
Friday,Joseph Kosinski,action,Oblivion,19/04/2013,Universal,292.2,120,286.2,7,3.5,124,197.1
Friday,Donald Petrie,comedy,Miss Congeniality,22/12/2000,WB,293.7,45,212.7,6.1,3.04,109,105.9
Friday,Tim Burton,fantasy,Sleepy Hollow,19/11/1999,Paramount Pictures,294.2,70,206.1,7.6,3.55,105,105
Friday,Stefen Fangmeier,action,Eragon,15/12/2006,Fox,294.3,100,249.5,5.1,2.63,104,174.5
Friday,Andrew Stanton,sci-fi,John Carter,9/3/2012,Buena Vista Studios,294.3,263.7,284.1,6.6,3.27,132,211.1
Friday,Ang Lee,action,"Crouching Tiger, Hidden Dragon",8/12/2000,Sony Picture Classics,294.8,15,213.5,7.9,3.9,120,85.4
Friday,Tom Shadyac,comedy,Patch Adams,25/12/1998,Universal,295.1,90,202.3,6.6,3.15,115,67.3
Friday,Robert Schwentke,action,The Divergent Series: Insurgent,20/03/2015,Lionsgate/Summit,295.1,110,295.1,6.9,3.17,119,165.1
Friday,Brett Ratner,action,Rush Hour 3,10/8/2007,New Line Cinema,296,180,258,6.2,2.97,91,117.9
Wednesday,"Ron Clements, John Musker",animation,The Princess and the Frog,25/11/2009,Buena Vista Studios,296,105,267,7.2,3.59,97,162.6
Friday,Dennis Dugan,comedy,Grown Ups,25/06/2010,Sony,296,75,271.4,6,2.81,102,109.4
Wednesday,Roland Emmerich,action,The Patriot,28/06/2000,Sony,297.3,110,215.3,6.1,3.22,165,102
Friday,Martin Campbell,action,Vertical Limit,8/12/2000,Sony,297.9,75,215.7,5.8,2.85,124,146.4
Friday,Roland Emmerich,action,"10,000 B.C.",7/3/2008,WB,298,105,269.8,5,2.53,109,175
Friday,Clint Eastwood,drama,Gran Torino,12/12/2008,WB,298.2,33,270,8.2,3.99,116,121.9
Friday,Jesse Dylan,comedy,American Wedding,1/8/2003,Universal,299.1,55,231.4,7.6,3.85,96,126.9
Friday,Sylvester Stallone,action,The Expendables,13/08/2010,Lionsgate,299.4,82,274.5,6.5,3.01,103,171.4
Wednesday,Peter Hyams,action,End of Days,24/11/1999,Universal,302.6,100,212,5.7,2.68,121,145.1
Friday,Jon Amiel,crime,Entrapment,30/04/1999,Fox,303.2,66,212.4,6.2,3.16,113,124.7
Friday,Florian Henckel von Donnersmarck,action,The Tourist,10/12/2010,Sony,303.5,100,278.3,6,3.08,103,210.7
Friday,Paul Feig,comedy,Bridesmaids,13/05/2011,Universal,304.9,32.5,288.4,6.8,3.53,125,119.3
Friday,John Singleton,action,2 Fast 2 Furious,6/6/2003,Universal,305.5,76,236.4,5.8,2.5,107,109.2
Friday,Ridley Scott,drama,American Gangster,2/11/2007,Universal,305.7,100,266.5,7.8,3.83,157,136.3
Friday,Zack Snyder,action,Superman,14/06/2013,WB,306.4,55,300.2,7.3,3.38,143,166
Friday,Larry Charles,comedy,Borat: Cultural Learnings of America for Make Benefit Glorious Nation of Kazakhstan,3/11/2006,Fox,308.6,18,261.6,7.3,3.5,84,133.1
Friday,Josh Boone,drama,The Fault in our Stars,6/6/2014,Fox,308.6,12,307.2,7.9,3.58,126,182.4
Wednesday,"Peter Lord, Nick Park",animation,Chicken Run,21/06/2000,DreamWorks,310.4,42,224.8,7.1,3.58,84,118
Thursday,John Moore,action,A Good Day to Die Hard,14/02/2013,Fox,311,92,304.7,5.3,2.59,98,237.3
Friday,"Paul Tibbitt, Mike Mitchell",animation,The SpongeBob Movie: Sponge Out of Water,6/2/2015,Paramount Pictures,311.6,74,311.6,6.2,2.25,92,148.6
Friday,Peter Berg,action,Battleship,18/05/2012,Universal,313.8,209,303,5.9,2.83,131,237.6
Thursday,Michael Patrick King,comedy,Sex and the City 2,27/05/2010,WB/New Line,314.4,95,288.3,4.2,2.32,146,193
Friday,Jonathan Liebesman,action,Wrath of the Titans,30/03/2012,WB,316.2,150,305.3,5.8,2.78,99,221.6
Friday,Simon West,action,The Expendables 2,17/08/2012,Lionsgate,316.3,100,305.4,6.7,3.08,103,220.4
Friday,Shawn Levy,action,Real Steel,7/10/2011,Buena Vista Studios,316.4,110,299.3,6.3,3.28,127,213.8
Friday,Steven Spielberg,adventure,A.I. Artificial Intelligence,29/06/2001,WB,316.8,90,235.9,7.1,3.21,146,157.3
Wednesday,Barry Sonnenfeld,action,Wild Wild West,30/06/1999,WB,317,175,222.1,4.8,2.31,106,108.3
Friday,Ang Lee,action,Hulk,20/06/2003,Universal,317.2,137,245.4,5.7,2.69,138,113.2
Friday,"Chris Wedge, Carlos Saldanha",animation,Robots,11/3/2005,Fox,317.4,80,260.7,6.3,3.28,91,132.5
Wednesday,Peter Ramsey,animation,Rise of the Guardians,21/11/2012,Pacific Data/DreamWorks,317.9,145,306.9,7.3,3.6,97,203.5
Friday,"Brenda Chapman, Steve Hickner, Simon Wells",animation,The Prince of Egypt,18/12/1998,DreamWorks,318.9,60,218.6,7,3.42,99,117.2
Friday,Richard Curtis,comedy,Love Actually,7/11/2003,Universal,319.1,45,246.9,7.7,3.8,135,187.2
Friday,Phillip Noyce,action,Salt,23/07/2010,Sony,320.1,110,293.5,6.4,3.33,100,175.2
Friday,Curtis Hanson,drama,8 Mile,8/11/2002,Universal,321.1,41,242.9,6.9,3.25,110,126.1
Friday,Martin Scorsese,drama,Shutter Island,19/02/2010,Paramount Pictures,321.5,80,294.8,8.1,3.91,138,166.8
Friday,Paul W.S. Anderson,action,Resident Evil: Afterlife,10/9/2010,Screen Gems,323,57.5,296.2,5.9,3.1,97,236.1
Friday,M. Night Shyamalan,mystery,The Village,30/07/2004,Buena Vista Studios,323.2,71.7,256.7,6.5,3.26,108,142.5
Friday,"Aaron Blaise, Robert A. Walker",animation,Brother Bear,24/10/2003,Buena Vista Studios,323.6,18,250.4,6.7,3.17,82,165.1
Friday,Hoyt Yeatman,action,G-Force,24/07/2009,Buena Vista Studios,324.6,82.5,292.8,5.1,2.55,88,173.4
Friday,James Wan,horror,The Conjuring,19/07/2013,WB,324.6,20,318,7.5,3.59,112,180.6
Friday,Olivier Megaton,action,Taken 3,9/1/2015,Fox,325.8,48,325.8,6.1,2.88,109,236.5
Friday,H.B. Halicki,action,Gone in 60 Seconds,9/5/2000,Buena Vista Studios,327.6,90,237.2,6.5,3.07,105,135.6
Friday,"Steve Martino, Jimmy Hayward",animation,Dr. Seuss' Horton Hears a Who!,14/03/2008,Fox,328.2,85,297.1,6.9,3.45,86,142.6
Wednesday,Mel Gibson,action,Braveheart,24/05/1995,Paramount Pictures,328.3,72,210.4,8.4,4.05,177,134.8
Friday,Gore Verbinski,horror,The Ring,18/10/2002,DreamWorks,329.5,48,249.3,7.1,3.43,115,120.2
Friday,"Steve Hickner, Simon J. Smith",animation,Bee Movie,2/11/2007,Pacific Data/DreamWorks,329.9,150,287.6,6.2,3.01,91,161
Friday,Stephen Sommers,animation,The Jungle Book,23/12/1994,Disney,330.2,27,205.8,7.6,3.38,111,64
Friday,Beeban Kidron,comedy,Bridget Jones: The Edge of Reason,12/11/2004,Universal,330.5,50,262.5,5.9,2.97,108,222.3
Friday,Steve Oedekerk,comedy,Ace Ventura: When Nature Calls,10/11/1995,WB,331.4,30,212.4,6.3,2.62,90,104
Friday,Tim Story,action,Fantastic Four: Rise of the Silver Surfer,15/06/2007,Fox,331.5,120,289,5.6,2.86,92,157.1
Friday,Simon West,action,Con Air,6/6/1997,Buena Vista Studios,331.9,80,224,6.8,3.19,115,122.9
Friday,"Phil Lord, Chris Miller",comedy,22 Jump Street,13/06/2014,Sony,332.8,50,331.3,7.1,3.5,112,139.6
Friday,Roberto Benigni,drama,Life Is Beautiful,23/10/1998,MiraMax,334.4,20,229.2,8.6,4.18,116,171.6
Friday,Gus Van Sant,drama,Good Will Hunting,5/12/1997,MiraMax,334.7,10,225.9,8.3,4.04,126,87.5
Friday,Joseph McGinty Nichol,action,Charlie's Angels: Full Throttle,27/06/2003,Sony,335,120,259.2,4.8,2.54,106,158.3
Friday,Dennis Dugan,comedy,Big Daddy,25/06/1999,Sony,335.2,30,234.8,6.4,3.12,93,71.3
Friday,Stephen Sommers,action,G.I. Joe: The Rise of Cobra,7/8/2009,Paramount Pictures,335.3,175,302.5,5.8,2.85,118,152.3
Friday,"Paul Weitz, Chris Weitz",comedy,American Pie,9/7/1999,Universal,336.2,12,235.5,7,3.34,95,132.9
Wednesday,Paul Weitz,comedy,Little Fockers,22/12/2010,Universal,338.8,100,310.7,5.4,2.7,98,162.2
Friday,Noam Murro,action,300: Rise of An Empire,7/3/2014,WB,339.1,110,337.6,6.3,2.93,102,231
Wednesday,Jonathan Demme,drama,Philadelphia,22/12/1993,TriStar,340.2,26,206.7,8.8,3.82,125,129.2
Friday,Ang Lee,action,The Incredible Hulk,20/06/2003,Universal,340.4,137,263.4,6.9,3.34,138,128.6
Friday,Martin Scorsese,thriller,The Departed,6/10/2006,WB,341.8,90,289.8,8.5,4.11,151,157.5
Friday,Wes Ball,action,The Maze Runner,19/09/2014,Fox,342.3,34,340.8,6.9,3.38,113,238.3
Friday,"Christopher Williams, Byron Howard",animation,Bolt,21/11/2008,Buena Vista Studios,342.4,150,310,6.9,3.53,96,195.9
Wednesday,M. Night Shyamalan,fantasy,Unbreakable,22/11/2000,Buena Vista Studios,342.6,73.2,248.1,7.2,3.48,106,153.1
Friday,John Lee Hancock,biography,The Blind Side,20/11/2009,WB,342.7,35,309.2,7.7,3.87,129,53.2
Friday,Quentin Tarantino,crime,Pulp Fiction,14/10/1994,MiraMax,343.2,8,213.9,8.9,4.16,154,106
Friday,Barry Levinson,drama,Disclosure,9/12/1994,WB,343.4,55,214,6,3.29,128,131
Friday,Nancy Meyers,comedy,Something's Gotta Give,12/12/2003,Sony,344.7,80,266.7,6.7,3.49,128,142
Wednesday,Phillip Noyce,action,Clear and Present Danger,3/8/1994,Paramount Pictures,346.4,62,215.9,6.9,3.67,141,93.7
Friday,David Dobkin,comedy,Wedding Crashers,15/07/2005,New Line Cinema,347.3,40,285.2,7,3.54,119,75.9
Saturday,Brad Peyton,adventure,Journey 2: The Mysterious Island,11/2/2012,WB,347.3,79,335.3,5.8,2.84,94,231.4
Thursday,M. Night Shyamalan,action,The Last Airbender,1/7/2010,Paramount Pictures,348.7,150,319.7,4.3,2.36,103,187.9
Friday,Joe Pytka,animation,Space Jam,15/11/1996,WB,349.2,80,230.4,6.2,2.73,88,140
Friday,Ridley Scott,action,Robin Hood,14/05/2010,Universal,350.8,180,321.7,6.7,3.19,140,216.4
Friday,Tom McGrath,animation,Megamind,5/11/2010,Pacific Data/DreamWorks,351.1,130,321.9,7.3,3.72,95,173.5
Friday,Anthony Minghella,romance,The English Patient,15/11/1996,MiraMax,351.6,35,232,7.4,3.65,162,153.3
Friday,Anne Fletcher,comedy,The Proposal,19/06/2009,Buena Vista Studios,351.8,40,317.4,6.7,3.52,108,153.4
Friday,Joel Schumacher,action,Batman and Robin,20/06/1997,WB,352.9,125,238.2,3.6,3.06,125,130.9
Friday,Michael Bay,action,Bad Boys II,18/07/2003,Sony,353.2,130,273.3,6.5,3.09,147,134.7
Friday,Steven Soderbergh,biography,Erin Brockovich,17/03/2000,Universal,353.9,50,256.3,7.3,3.6,130,130.7
Wednesday,Raja Gosnell,animation,The Smurfs 2,31/07/2013,Sony,354.7,110,347.5,5.4,2.28,105,276.5
Wednesday,"Daniel Myrick, Eduardo Sanchez",horror,The Blair Witch Project,14/07/1999,Art House Studios,354.9,0.6,248.6,6.4,2.88,81,108.1
Friday,"Quentin Tarantino, Eli Roth",adventure,Inglourious Basterds,21/08/2009,Weinstein Company,356.4,70,321.5,8.3,4.02,153,200.9
Friday,George Miller,action,Mad Max: Fury Road,15/05/2015,WB,356.4,150,356.4,8.5,3.95,120,209.3
Friday,Brett Ratner,action,Rush Hour,18/09/1998,New Line Cinema,356.6,35,244.4,6.9,3.41,98,103.2
Friday,Steven Soderbergh,thriller,Ocean's Thirteen,8/6/2007,WB,357.1,85,311.3,6.9,3.5,122,194.2
Friday,Baz Luhrmann,drama,The Great Gatsby (2013),10/5/2013,WB,358.3,190,351,7.3,3.49,142,206.2
Friday,Oliver Stone,thriller,JFK,20/12/1991,WB,358.6,40,205.4,6.4,3.2,188,135
Friday,Neil Jordan,drama,Interview with the Vampire,11/11/1994,WB,359,50,223.7,7.6,3.49,123,118.4
Friday,Louis Leterrier,thriller,Now You See Me,31/05/2013,Lionsgate/Summit,359,75,351.7,7.3,3.54,115,234
Friday,Darren Aronofsky,drama,Black Swan,3/12/2010,Fox Searchlight Pictures,359.2,13,329.4,8,3.88,108,222.4
Friday,Robert Zemeckis,animation,A Christmas Carol (2009),6/11/2009,Buena Vista Studios,360.6,190,325.3,6.9,3.24,96,187.4
Friday,"Dean DeBlois, Chris Sanders",animation,Lilo & Stitch,21/06/2002,Buena Vista Studios,361,80,273.1,7.1,3.49,85,127.3
Friday,"Chris Renaud, Kyle Balda",animation,Dr. Seuss' The Lorax,2/3/2012,Universal,361.3,67.5,348.8,6.5,3.17,86,134.8
Friday,Shawn Levy,adventure,Night at the Museum: Secret of the Tomb,19/12/2014,Fox,362,127,360.4,6.3,2.78,98,246.6
Friday,Gabriele Muccino,biography,The Pursuit of Happyness,15/12/2006,Sony,362.3,55,307.1,7.9,3.72,117,143.5
Friday,Mike Mitchell,animation,Alvin and the Chipmunks: Chipwrecked,16/12/2011,Fox,362.3,80,342.7,4.4,2.11,87,209.6
Friday,Paul Greengrass,action,The Bourne Supremacy,23/07/2004,Universal,363.2,85,288.5,7.8,3.85,108,112.3
Friday,Hayao Miyazaki,animation,Spirited Away,20/09/2002,Buena Vista Studios,363.4,19,274.9,8.6,4.21,125,264.9
Friday,John Woo,action,Face/Off,27/06/1997,Paramount Pictures,364,80,245.7,7.1,3.65,138,133.4
Friday,Darren Aronofsky,action,Noah,28/03/2014,Paramount Pictures,364.2,130,362.6,5.9,2.84,138,261.4
Friday,"Ray Patterson, Charles Nichols",animation,Scooby-Doo,14/06/2002,WB,364.4,84,275.7,4.9,2.4,90,122.4
Friday,Joseph McGinty Nichol,action,Charlie's Angels,3/11/2000,Sony,364.7,90,264.1,8.1,3.8,98,138.8
Friday,John McTiernan,action,The Hunt for Red October,2/3/1990,Paramount Pictures,364.8,30,200.5,7.6,3.86,134,78.5
Friday,Martin Campbell,action,The Mask of Zorro,17/07/1998,Sony,365.2,65,250.3,6.7,3.29,136,156.2
Friday,Tony Scott,action,Enemy of the State,20/11/1998,Buena Vista Studios,365.6,85,250.6,7.3,3.54,132,139.1
Friday,Francis Ford Coppola,horror,Bram Stoker's Dracula,13/11/1992,Colombia Pictures,365.9,40,215.9,5.6,3.1,128,133.3
Friday,Nora Ephron,romance,You've Got Mail,18/12/1998,WB,365.9,65,250.8,6.5,3.16,119,135
Friday,Rob Cohen,action,XXX,9/8/2002,Revolution Studios,366.7,70,277.4,5.8,2.81,124,135.3
Friday,Mike Newell,action,Prince of Persia: The Sands of Time,28/05/2010,Buena Vista Studios,366.9,200,336.4,6.6,3.26,116,245.6
Friday,Chuck Russell,action,Eraser,21/06/1996,WB,367.2,100,242.3,6,3.18,115,141
Friday,Jonathan Liebesman,action,Teenage Mutant Ninja Turtles,30/03/1990,New Line Cinema,367.5,93,202,6,2.81,101,66.7
Friday,Ivan Reitman,action,Kindergarten Cop,21/12/1990,Universal,367.5,26,202,5.9,2.82,111,110.5
Friday,Tim Johnson,animation,Home,27/03/2015,Fox,367.7,130,367.7,6.8,2.38,94,193
Thursday,David Fincher,drama,The Curious Case of Benjamin Button,25/12/2008,Paramount Pictures,368.8,160,333.9,7.8,3.65,166,206.4
Friday,Simon West,action,Lara Croft: Tomb Raider,15/06/2001,Paramount Pictures,368.9,94,274.7,5.7,2.77,100,143.5
Thursday,Todd Phillips,comedy,The Hangover Part III,23/05/2013,WB,369.5,103,362,5.9,2.93,100,249.8
Friday,David Fincher,drama,Gone Girl,3/10/2014,Fox,369.8,61,368.1,6.7,3.43,149,200.3
Friday,Doug Liman,action,Edge of Tomorrow,6/6/2014,WB,370.9,178,369.2,7.9,3.85,113,269
Friday,Genndy Tartakovsky,animation,Hotel Transylvania,28/09/2012,Sony,371.2,85,358.4,7.1,3.38,91,210.1
Friday,Mel Smith,comedy,Bean,17/10/1997,Gramercy Pictures,372.2,18,251.2,7.3,3.68,90,205.9
Friday,Bryan Singer,action,X-Men: First Class,3/6/2011,Fox,373.8,200,353.6,7.8,3.84,131,207.2
Sunday,"Ron Clements, John Musker",animation,Hercules,15/06/1997,Buena Vista Studios,374.4,70,252.7,6.1,2.9,92,153.6
Friday,Nora Ephron,romance,Sleepless in Seattle,25/06/1993,TriStar,374.9,21,227.8,6.8,3.52,105,101.1
Wednesday,"Simon J. Smith, Eric Darnell",animation,Penguins of Madagascar,26/11/2014,Fox,375.3,132,373.6,6.8,3.3,92,290.2
Friday,Timur Bekmambetov,action,Wanted,27/06/2008,Universal,377.1,75,341.4,6.7,3.51,110,206.9
Friday,Stephen Sommers,action,Van Helsing,7/5/2004,Universal,378,170,300.3,6,2.8,131,180.1
Friday,Sharon Maguire,comedy,Bridget Jones's Diary,13/04/2001,MiraMax,378.5,25,281.9,6.7,3.46,97,210.4
Wednesday,Peter Cattaneo,comedy,The Full Monty,13/08/1997,Fox Searchlight Pictures,382.1,3.5,257.9,7.2,3.73,91,212
Friday,Mark Dindal,animation,Chicken Little,4/11/2005,Buena Vista Studios,382.8,60,314.4,5.8,2.91,81,179
Wednesday,Jon M. Chu,action,G.I. Joe: Retaliation,27/03/2013,Paramount Pictures,383.5,130,375.7,5.8,2.75,110,253.2
Friday,Keenen Ivory Wayans,comedy,Scary Movie,7/7/2000,MiraMax,383.9,19,278,7.2,2.77,88,121
Friday,Peter Weir,drama,The Truman Show,5/6/1998,Paramount Pictures,385.3,60,264.1,5.5,2.81,103,138.5
Friday,David Frankel,comedy,The Devil Wears Prada,30/06/2006,Fox,385.3,35,326.6,6.8,3.41,109,201.8
Friday,James B. Rogers,comedy,American Pie 2,10/8/2001,Universal,386.2,30,287.6,6.4,2.98,108,142.5
Wednesday,Robert Zemeckis,animation,The Polar Express,10/11/2004,WB,387.1,170,307.5,6.6,3.16,100,124.1
Friday,Olivier Megaton,action,Taken 2,5/10/2012,Fox,389.6,45,376.1,6.3,3.17,92,236.3
Wednesday,Kevin Lima,comedy,Enchanted,21/11/2007,Buena Vista Studios,390.6,85,340.5,7.2,3.6,107,212.7
Friday,Luc Besson,action,The Fifth Element,9/5/1997,Sony,391,95,263.9,7.6,3.71,126,200.1
Friday,Harald Zwart,action,The Karate Kid,11/6/2010,Sony,391.6,40,359.1,7.2,3.2,140,182.5
Friday,Joe Johnston,action,Captain America: The First Avenger,22/07/2011,Paramount Pictures,391.8,140,370.6,6.8,3.56,124,193.9
Thursday,Jay Roach,action,Austin Powers in Goldmember,25/07/2002,New Line Cinema,392.2,63,296.7,6.2,2.99,94,83.3
Friday,Emile Ardolino,comedy,Sister Act,29/05/1992,Buena Vista Studios,392.6,31,231.6,6.2,2.97,100,92
Wednesday,Mike Newell,comedy,Four Weddings and a Funeral,9/3/1994,Gramercy Pictures,394.3,4.5,245.7,7.3,3.34,117,193
Wednesday,Steven Spielberg,animation,The Adventures of Tintin,21/12/2011,Paramount Pictures,395.4,130,374,7.4,3.58,107,296.4
Friday,"Karey Kirkpatrick, Tim Johnson",animation,Over the Hedge,19/05/2006,Pacific Data/DreamWorks,396.3,80,336,6.8,3.42,83,181
Friday,Chris Noonan,adventure,Babe,4/8/1995,Universal,396.5,30,254.1,6.8,3.65,89,190.5
Friday,"Peter Farrelly, Bobby Farrelly",comedy,Dumb and Dumber,16/12/1994,New Line Cinema,396.8,16,247.3,7.3,2.95,107,120.1
Wednesday,Martin Scorsese,biography,The Wolf of Wall Street,25/12/2013,Paramount Pictures,400.2,100,392,8.2,3.79,180,275.1
Friday,Robert Zemeckis,drama,What Lies Beneath,21/07/2000,DreamWorks,402.4,90,291.4,6.6,3.23,130,136
Friday,Tim Story,action,Fantastic Four,8/7/2005,Fox,402.6,87.5,330.6,5.7,2.9,106,175.9
Friday,Matthew Vaughn,action,Kingsman: The Secret Service,13/02/2015,Fox,403.8,81,403.8,7.9,3.66,129,275.5
Wednesday,"Ron Clements, John Musker",animation,The Little Mermaid,15/11/1989,Buena Vista Studios,405.2,40,211.3,6.6,3.24,83,99.8
Friday,Rob Marshall,comedy,Chicago,27/12/2002,MiraMax,405.6,30,306.8,7.2,3.58,113,136.1
Friday,Bryan Singer,action,X-Men,14/07/2000,Fox,409.2,200,296.3,7.4,3.59,131,139
Friday,Frank Darabont,crime,The Green Mile,10/12/1999,WB,409.4,60,286.8,8.5,3.99,189,150
Friday,Joe Johnston,adventure,Jumanji,15/12/1995,Sony,410.1,65,262.8,6.8,3.22,104,162.3
Friday,Rupert Sanders,action,Snow White and the Huntsman,1/6/2012,Universal,410.8,170,396.6,6.1,2.99,127,241.3
Thursday,Joseph McGinty Nichol,action,Terminator Salvation,21/05/2009,WB,411.7,200,371.4,6.7,3.27,115,246
Friday,Rob Reiner,thriller,A Few Good Men,11/12/1992,Colombia Pictures,412.2,33,243.2,7.6,3.81,138,101.9
Friday,"Kevin Reynolds, Kevin Costner",action,Waterworld,28/07/1995,Universal,412.3,175,264.2,6.1,2.86,136,176
Friday,Ivan Reitman,action,Ghostbusters II,16/06/1989,Colombia Pictures,413.1,37,215.4,6.5,2.98,108,102.9
Friday,Gavin Hood,action,X-Men Origins: Wolverine,1/5/2009,Fox,413.6,150,373.1,6.7,3.33,107,193.2
Friday,Tim Hill,animation,Alvin and the Chipmunks,14/12/2007,Fox,414.5,55,361.3,5.3,2.54,92,144
Friday,Cameron Crowe,comedy,Jerry Maguire,13/12/1996,Sony,414.7,50,273.6,7.3,3.63,139,119.6
Friday,Tom Shadyac,comedy,The Nutty Professor,28/06/1996,Universal,415.3,55,274,5.5,2.91,95,145.1
Wednesday,Jay Roach,comedy,Meet the Parents,22/12/2004,Universal,415.9,60,330.4,7,3.46,115,164.2
Friday,Richard Donner,action,Lethal Weapon 4,10/7/1998,WB,416.4,140,285.4,6.6,3.12,127,155
Wednesday,"Danny Boyle, Loveleen Tandan",drama,Slumdog Millionaire,12/11/2008,Fox Searchlight Pictures,417.4,14,377.9,8,3.96,120,236.6
Friday,Ridley Scott,adventure,Prometheus,8/6/2012,Fox,417.8,125,403.4,7,3.43,124,276.9
Friday,Guillermo del Toro,action,Pacific Rim,12/7/2013,WB,419.6,190,411,6.1,2.78,131,309.2
Friday,Renny Harlin,action,Cliffhanger,28/05/1993,TriStar,419.7,65,255,6.4,3.07,113,171
Friday,Ron Howard,biography,A Beautiful Mind,21/12/2001,Universal,421,78,313.5,8.2,3.93,135,142.8
Friday,John Madden,comedy,Shakespeare in Love,11/12/1998,MiraMax,422.1,26,289.3,7.2,3.84,123,189
Friday,"Conrad Vernon, Rob Letterman",animation,Monsters Vs. Aliens,27/03/2009,Pacific Data/DreamWorks,422.9,175,381.5,6.6,3.29,94,183.2
Wednesday,"Carlos Saldanha, Michael Thurmeier",animation,Ice Age,1/7/2009,Fox,424.9,90,383.3,7.6,3.61,94,206.9
Saturday,Chris Weitz,adventure,The Golden Compass,1/12/2007,New Line Cinema,427,205,372.2,6.1,3.18,113,302.1
Friday,Joe Johnston,adventure,"Honey, I Shrunk the Kids",23/06/1989,Buena Vista Studios,427.1,18,222.7,6.2,2.69,93,92
Friday,J. J. Abrams,sci-fi,Star Trek,8/5/2009,Paramount Pictures,427.5,140,385.7,8,3.97,127,128
Friday,Rob Minkoff,adventure,Stuart Little,17/12/1999,Sony,428.4,133,300.1,5.9,2.91,84,160.1
Friday,Catherine Hardwicke,drama,Twilight,21/11/2008,Summit Entertainment,433.6,37,392.6,5.2,2.76,122,199.8
Friday,Ivan Reitman,comedy,Twins,9/12/1988,Universal,435.4,15,216.6,5.9,2.82,105,104.7
Friday,Joseph Kosinski,action,Tron Legacy,17/12/2010,Buena Vista Studios,436.3,200,400.1,6.8,3.38,125,228
Wednesday,Renny Harlin,action,Die Hard 2: Die Harder,4/7/1990,Fox,436.7,70,240,7.1,3.42,124,122.5
Friday,Richard Donner,action,Lethal Weapon 2,7/7/1989,WB,437.1,25,227.9,7.2,3.29,114,80.6
Friday,Alex Proyas,sci-fi,"I, Robot",16/07/2004,Fox,437.1,105,347.2,7.1,3.46,115,202.4
Friday,Jon Turteltaub,adventure,National Treasure,19/11/2004,Buena Vista Studios,437.5,100,347.5,6.9,3.42,131,174.5
Wednesday,Adrian Lyne,drama,Indecent Proposal,7/4/1993,Paramount Pictures,438.7,38,266.6,5.8,2.85,117,160
Wednesday,Len Wiseman,action,Live Free or Die Hard,27/06/2007,Fox,439.9,110,383.5,7.2,3.58,128,249
Tuesday,Quentin Tarantino,adventure,Django Unchained,25/12/2012,Weinstein Company,440.6,100,425.4,8.5,4.04,165,262.6
Friday,Brad Peyton,action,San Andreas,29/05/2015,WB,441.2,110,441.2,6.6,2.84,114,299.2
Friday,Garry Marshall,comedy,Runaway Bride,30/07/1999,Paramount Pictures,441.8,70,309.5,6.6,3.46,116,157.2
Friday,Rob Cohen,action,The Mummy: Tomb of the Dragon Emperor,1/8/2008,Universal,443,175,401.1,5.2,2.63,112,298.6
Friday,P. J. Hogan,comedy,My Best Friend's Wedding,20/06/1997,Sony,443.5,46,299.3,7.1,3.33,105,172.2
Friday,"Barry Cook, Tony Bancroft",animation,Mulan,19/06/1998,Buena Vista Studios,444,90,304.3,7.5,2.84,88,183.7
Wednesday,Sydney Pollack,thriller,The Firm,30/06/1993,Paramount Pictures,444.7,42,270.2,6.8,3.5,154,111.9
Thursday,Robert Zemeckis,action,Back to the Future Part III,24/05/1990,Universal,444.9,40,244.5,7.4,3.24,118,156.8
Thursday,Jay Roach,comedy,Austin Powers: The Spy Who Shagged Me,10/6/1999,New Line Cinema,445.3,35,312,6.6,3.21,95,106
Friday,Emile Ardolino,drama,Dirty Dancing,21/08/1987,Vestron Pictures,448,6,214,6.8,3.22,100,150
Friday,Andy Tennant,comedy,Hitch,11/2/2005,Sony,448.2,55,368.1,8.2,3.94,118,188.6
Friday,Tom Shadyac,comedy,Liar Liar,21/03/1997,Universal,448.5,45,302.7,6.8,3.21,86,121.3
Friday,"Brad Silberling, Phil Nibbelink",comedy,Casper,26/05/1995,Universal,449.2,55,287.9,6,2.9,100,187.6
Wednesday,"Olivier Nakache, Eric Toledano",drama,The Intouchables,2/11/2011,Weinstein Company,451,10,426.6,8.6,4.14,112,416.4
Friday,Tom Hooper,biography,The King's Speech,26/11/2010,Weinstein Company,451.7,15,414.2,8.1,4.02,118,275.4
Friday,Tim Burton,action,Batman Returns,19/06/1992,WB,452.2,80,266.8,7,3.09,126,104
Friday,Peter Weir,drama,Dead Poets Society,2/6/1989,Buena Vista Studios,452.4,16.4,235.9,8,3.89,128,140
Friday,"George Miller, Warren Coleman, Judy Morris",animation,Happy Feet,17/11/2006,WB,453.3,85,384.3,6.5,3.13,108,186.3
Friday,Michael Apted,adventure,The Chronicles of Narnia: The Voyage of the Dawn Treader,10/12/2010,Fox,453.3,155,415.7,6.4,3.36,113,311.3
Friday,Wolfgang Petersen,action,The Perfect Storm,30/06/2000,WB,453.9,120,328.7,6.4,3.08,130,146.1
Wednesday,Christopher Nolan,action,Batman Begins,15/06/2005,WB,455.6,150,374.2,8.3,3.97,140,167.4
Friday,Steven Soderbergh,thriller,Ocean's Twelve,10/12/2004,WB,456.6,85,362.7,6.4,3.25,125,237.2
Tuesday,Tom Hooper,drama,Les Miserables (2012),25/12/2012,Universal,457.6,61,441.8,6,2.92,158,293
Friday,Shawn Levy,comedy,Night at the Museum: Battle of the Smithsonian,22/05/2009,Fox,457.9,150,413.1,5.9,3.01,104,235.9
Friday,Michael Patrick King,comedy,Sex and the City,30/05/2008,WB/New Line,458.7,57.5,415.3,6.9,2.93,145,262.6
Friday,Gavin Hood,action,The Wolverine,1/5/2009,Fox,459.8,150,414.8,6.7,3.24,107,282.3
Friday,Luc Besson,action,Lucy,25/07/2014,Universal,461,40,458.9,6.4,3.05,89,332.2
Wednesday,Bryan Singer,action,Superman Returns,28/06/2006,WB,461.3,232,391.1,6.1,3.12,154,191
Friday,"Bibo Bergeron, Rob Letterman, Vicky Jenson",animation,Shark Tale,1/10/2004,DreamWorks,462.4,75,367.3,6,2.91,90,206.4
Friday,Andrew Adamson,action,The Chronicles of Narnia: Prince Caspian,16/05/2008,Buena Vista Studios,463.6,225,419.7,6.6,3.31,150,278
Wednesday,Steven Spielberg,biography,Catch Me If You Can,25/12/2002,DreamWorks,465.4,52,352.1,8,3.85,141,187.5
Wednesday,James L. Brooks,comedy,As Good as It Gets,24/12/1997,Sony,465.5,50,314.2,7.8,3.79,139,165.7
Friday,Brett Ratner,comedy,Rush Hour 2,3/8/2001,New Line Cinema,466.3,90,347.3,6.6,3.23,90,121.2
Friday,Wolfgang Petersen,action,Air Force One,25/07/1997,Sony,467,85,315.2,6.4,3.33,124,142.2
Friday,Ron Howard,thriller,Ransom,8/11/1996,Buena Vista Studios,469.1,70,309.5,5.4,2.88,121,173
Friday,J. J. Abrams,action,Mission: Impossible III,5/5/2006,Paramount Pictures,469.4,150,397.9,6.8,3.31,126,263.8
Friday,"Phil Lord, Chris Miller",animation,The LEGO Movie,7/2/2014,WB,470.9,60,468.8,7.8,3.75,100,211
Friday,Ridley Scott,thriller,Hannibal,9/2/2001,MGM,472.3,87,351.7,8.7,3.15,131,186.6
Friday,Steven Spielberg,sci-fi,Minority Report,21/06/2002,Fox,473.8,102,358.4,7.7,3.66,145,226.3
Friday,Kenneth Branagh,action,Thor,6/5/2011,Paramount Pictures,475,150,449.3,7,3.51,115,268.3
Friday,Paul Verhoeven,action,Total Recall,1/6/1990,Sony,475.4,65,261.3,7.5,3.18,113,141.9
Thursday,Jonathan Demme,thriller,The Silence of the Lambs,14/02/1991,Orion,476.1,20,272.7,8.6,4.18,118,142
Friday,Ron Howard,comedy,How the Grinch Stole Christmas,17/11/2000,Universal,476.6,123,345.1,6,2.91,104,85.1
Wednesday,J. J. Abrams,action,Star Trek Into Darkness,15/05/2013,Paramount Pictures,477.1,190,467.4,7.8,3.82,132,238.6
Wednesday,"John Cornell, Mark Turnbull",action,Crocodile Dundee II,25/05/1988,Paramount Pictures,481.6,14,239.6,5.5,2.57,108,130.3
Friday,"Eric Leighton, Ralph Zondag",animation,Dinosaur,19/05/2000,Buena Vista Studios,483.1,127.5,349.8,6.4,3.12,82,212.1
Wednesday,Stephen Herek,animation,101 Dalmatians (1996),27/11/1996,Buena Vista Studios,486.1,75,320.7,5.6,3.1,103,184.5
Friday,Tim Burton,action,Planet of the Apes (2001),27/07/2001,Fox,486.4,100,362.2,5.7,2.74,119,182.2
Friday,Jonathan Liebesman,action,Teenage Mutant Ninja Turtles (2014),8/8/2014,Paramount Pictures,487.2,125,485,7.9,3.84,101,293.8
Friday,Joel Zwick,comedy,My Big Fat Greek Wedding,19/04/2002,IFC,487.4,5,368.7,6.6,3.46,95,127.3
Friday,Rob Cohen,action,Fast and Furious,22/06/2001,Universal,487.7,38,363.2,6.7,2.88,106,208.1
Friday,Rich Moore,animation,Wreck-It Ralph,2/11/2012,Buena Vista Studios,488.1,165,471.2,7.8,3.82,101,281.8
Wednesday,Betty Thomas,animation,Alvin and the Chipmunks: The Squeakquel,23/12/2009,Fox,491.2,70,443.1,4.4,2.13,88,223.5
Friday,"Gary Trousdale, Kirk Wise",animation,The Hunchback of Notre Dame,21/06/1996,Buena Vista Studios,493,100,325.3,6.8,3.3,91,225.2
Friday,Roger Spottiswoode,action,Tomorrow Never Dies,19/12/1997,MGM,493.4,110,333,6.5,3.23,119,207.7
Wednesday,Joe Johnston,action,Jurassic Park III,18/07/2001,Universal,495.2,93,368.8,5.9,2.65,92,187.6
Friday,Carlos Saldanha,animation,Rio 2,11/4/2014,Fox,502.5,130,500.2,6.4,3.08,101,368.7
Friday,Sam Raimi,adventure,Oz The Great and Powerful,8/3/2013,Buena Vista Studios,503.6,200,493.3,6.4,2.99,130,258.4
Friday,Michael Bay,action,The Rock,7/6/1996,Buena Vista Studios,507.9,75,335.1,7.4,3.7,136,201
Friday,Paul Greengrass,action,The Bourne Ultimatum,3/8/2007,Universal,508,130,442.8,8.1,3.98,115,215.4
Wednesday,Sam Mendes,drama,American Beauty,15/09/1999,DreamWorks,508.6,15,356.3,8.4,4.17,122,226.2
Friday,Rupert Wyatt,sci-fi,Rise of the Planet of the Apes,5/8/2011,Fox,509.4,93,481.8,8.6,4.07,105,305
Friday,Mimi Leder,action,Deep Impact,8/5/1998,Paramount Pictures,509.9,80,349.5,6.1,2.95,120,209
Friday,David Fincher,crime,Seven,22/09/1995,New Line Cinema,510.7,30,327.3,8.7,4.05,127,227.2
Friday,Carlos Saldanha,animation,Rio,15/04/2011,Fox,512.3,90,484.6,7,3.36,96,341
Friday,Michael Apted,action,The World Is Not Enough,19/11/1999,MGM,516.4,135,361.8,6.4,3.2,128,234.9
Friday,Nancy Meyers,comedy,What Women Want,15/12/2000,Paramount Pictures,516.6,65,374.1,6.4,3.14,127,191.3
Friday,Todd Phillips,comedy,The Hangover,5/6/2009,WB,518.2,35,467.5,7.8,3.77,100,190.2
Friday,Roger Michell,comedy,Notting Hill,28/05/1999,Universal,519.4,42,363.9,7,3.45,124,247.8
Friday,Zack Snyder,action,300,9/3/2007,WB,523.2,60,456.1,7.8,3.68,117,245.5
Friday,Jon Turteltaub,action,National Treasure: Book of Secrets,21/12/2007,Buena Vista Studios,524.7,130,457.4,6.5,3.3,124,237.4
Friday,Joel Schumacher,action,Batman Forever,16/06/1995,WB,525.1,100,336.5,5.4,2.92,121,152.5
Wednesday,Steven Spielberg,adventure,Hook,11/12/1991,TriStar,525.4,70,300.9,6.7,3.18,144,181.2
Thursday,Bryan Singer,action,X2: X-Men United,24/04/2003,Fox,526.9,110,407.7,7.5,3.68,134,192.8
Wednesday,Steven Spielberg,biography,Schindler's List,15/12/1993,Universal,528.8,25,321.3,8.9,4.31,195,225.2
Wednesday,John Lasseter,animation,A Bug's Life,25/11/1998,Buena Vista Studios,530.2,120,363.4,7.2,3.61,96,200.6
Friday,Gareth Edwards,action,Godzilla (2014),16/05/2014,WB,531.1,160,528.7,6.5,2.96,123,328
Friday,Louis Leterrier,action,Clash of the Titans,2/4/2010,WB,537.9,125,493.2,5.8,2.8,106,330
Friday,Ron Howard,thriller,Angels & Demons,15/05/2009,Sony,538.6,150,485.9,6.7,3.28,138,352.6
Friday,Kenneth Branagh,drama,Cinderella,13/03/2015,Buena Vista Studios,539,95,539,7.3,3.48,105,338.7
Friday,M. Night Shyamalan,drama,Signs,2/8/2002,Buena Vista Studios,539.6,70.7,408.2,6.7,3.27,106,180.3
Wednesday,"Bobby Farrelly, Peter Farrelly",comedy,There's Something About Mary,15/07/1998,Fox,539.7,22,369.9,7.1,3.55,119,193.4
Friday,"Chris Sanders, Dean DeBlois",animation,How to Train Your Dragon,26/03/2010,Pacific Data/DreamWorks,539.7,165,494.9,8.2,4.01,98,277.3
Friday,"Mike Babriel, Eric Goldberg",animation,Pocahontas,23/06/1995,Buena Vista Studios,540.1,75,346.1,6.6,2.94,81,204.5
Friday,Brett Ratner,action,X-Men: The Last Stand,26/05/2006,Fox,541.9,150,459.4,6.8,3.36,104,225
Friday,"John Lasseter, Joe Ranft",animation,Cars,9/6/2006,Buena Vista Studios,545,70,462,7.2,3.51,117,217.9
Friday,Richard Donner,action,Lethal Weapon 3,15/05/1992,WB,545.3,35,321.7,6.7,3.28,118,177
Friday,Brian Levant,comedy,The Flintstones,27/05/1994,Universal,548.1,45,341.6,4.8,2.43,91,211.1
Friday,Martin Campbell,action,GoldenEye,17/11/1995,MGM,549.6,60,352.2,7.2,3.44,130,245.8
Thursday,Clint Eastwood,action,American Sniper,25/12/2014,WB,549.6,58,547.1,7.4,3.5,132,197
Friday,Marc Forster,sci-fi,World War Z,21/06/2013,Paramount Pictures,551.2,190,540,7,3.36,116,337.6
Wednesday,"Andy Wachowski, Lana Wachowski",sci-fi,The Matrix Revolutions,5/11/2003,WB,552.3,110,427.3,6.7,3.15,129,288
Wednesday,Gareth Edwards,action,Godzilla,20/05/1998,Sony,552.9,160,379,6.5,2.96,123,242.7
Friday,Ron Howard,adventure,Apollo 13,30/06/1995,Universal,554.3,65,355.2,7.6,3.88,140,181.4
Friday,Richard Stanley,drama,Brave,22/06/2012,Buena Vista Studios,558.3,185,539,7.2,3.59,50,301.7
Friday,Stephen Sommers,action,The Mummy,4/5/2001,Universal,558.5,98,415.9,7,1.5,130,260.5
Tuesday,Jonathan Mostow,action,Terminator 3: Rise of the Machines,1/7/2003,WB,560.1,170,433.4,6.4,3.12,109,283
Friday,Greg MacGillivray,action,Speed,10/6/1994,Fox,562.3,30,350.4,7.2,3.5,30,229.2
Friday,Charles Russell,comedy,The Mask,29/07/1994,New Line Cinema,564.2,23,351.6,6.8,3.18,101,231.6
Wednesday,John Lasseter,animation,Toy Story,22/11/1995,Buena Vista Studios,564.9,30,362,8.3,3.92,80,170.2
Friday,Seth MacFarlane,comedy,Ted,29/06/2012,Universal,569,50,549.4,7,3.35,106,330.6
Friday,Amy Heckerling,romance,Look Who's Talking,13/10/1989,TriStar,569.6,7.5,297,5.8,2.67,93,156.9
Friday,Sam Taylor-Wood,drama,Fifty Shades of Grey,13/02/2015,Universal,569.7,40,569.7,4.2,1.95,125,403.5
Friday,Lee Tamahori,action,Die Another Day,22/11/2002,MGM,571,142,432,6.1,3.14,133,271
Friday,John McTiernan,action,Die Hard: With A Vengeance,19/05/1995,Fox,571.3,90,366.1,7.6,3.49,131,266.1
Friday,Andrew Stanton,animation,WALL-E,27/06/2008,Buena Vista Studios,575.8,180,521.3,8.4,4.04,98,297.5
Friday,Guy Ritchie,action,Sherlock Holmes: A Game of Shadows,16/12/2011,WB,576.6,125,545.4,7.5,3.8,129,358.6
Friday,Shawn Levy,adventure,Night at the Museum,19/12/2014,Fox,577.1,127,574.5,6.4,3.13,98,323.6
Friday,Tim Burton,adventure,Charlie and the Chocolate Factory,15/07/2005,WB,578.4,150,475,6.7,3.36,115,268.5
Wednesday,John Landis,comedy,Coming to America,29/06/1988,Paramount Pictures,580.5,39,288.8,6.9,3.5,116,160.6
Friday,Guy Ritchie,action,Sherlock Holmes,25/12/2009,WB,580.8,90,524,7.6,3.79,128,315
Friday,Stephen Sommers,action,The Mummy Returns,4/5/2001,Universal,581.4,98,433,6.3,2.94,130,231
Friday,Doug Liman,action,Mr. & Mrs. Smith,10/6/2005,Fox,582.3,110,478.2,6.5,3.26,120,291.9
Wednesday,Barry Sonnenfeld,action,Men in Black II,3/7/2002,Sony,584,140,441.8,7.6,3.61,88,251.4
Friday,Chris Miller,animation,Puss in Boots,28/10/2011,Pacific Data/DreamWorks,586.7,130,555,6.7,3.4,90,405.7
Friday,Edward Zwick,action,The Last Samurai,5/12/2003,WB,590.4,120,456.8,7.7,3.7,154,345.6
Friday,"Brad Lewis, John Lasseter",animation,Cars 2,24/06/2011,Buena Vista Studios,591.9,200,559.9,6.3,3.05,106,368.4
Friday,"Chris Renaud, Pierre Coffin",animation,Despicable Me,9/7/2010,Universal,592.3,69,543.1,7.7,3.81,95,291.6
Friday,Robert Zemeckis,adventure,Cast Away,22/12/2000,Fox,593.3,85,429.6,7.7,3.62,143,196
Friday,Raja Gosnell,animation,The Smurfs,29/07/2011,Sony,595.9,110,563.7,5.5,2.43,103,421.1
Friday,Paul Verhoeven,mystery,Basic Instinct,20/03/1992,TriStar,598.2,49,352.9,6.9,3.35,127,235.2
Friday,"Kirk DeMicco, Chris Sanders",animation,The Croods,22/03/2013,Fox,599.4,135,587.2,7.3,3.41,98,400
Friday,Michael Bay,action,Pearl Harbor,25/05/2001,Buena Vista Studios,603.2,151.5,449.2,6,2.85,183,250.7
Friday,David Silverman,animation,The Simpsons Movie,27/07/2007,Fox,604.7,72.5,527.1,7.4,3.51,87,343.9
Friday,Lewis Milestone,thriller,Ocean's Eleven,7/12/2001,WB,605.2,85,450.7,7.8,3.79,127,267.3
Friday,Andrew Davis,action,The Fugitive,6/8/1993,WB,607.1,44,368.9,7.8,3.99,130,185
Friday,James Cameron,action,True Lies,15/07/1994,Fox,608,100,378.9,7.2,3.5,141,232.6
Friday,Chris Columbus,comedy,Home Alone 2: Lost in New York,20/11/1992,Fox,608.5,20,359,6.5,2.52,120,185.4
Thursday,Todd Phillips,comedy,The Hangover Part II,26/05/2011,WB,620.4,80,586.8,6.5,3.09,102,332.3
Friday,Dean DeBlois,animation,How to Train Your Dragon 2,13/06/2014,Fox,621.7,145,618.9,7.9,3.73,102,441.9
Friday,Wolfgang Petersen,action,Troy,14/05/2004,WB,626.2,150,497.4,7.2,3.32,163,364
Friday,Tom Shadyac,comedy,Bruce Almighty,23/05/2003,Universal,626.3,81,484.6,6.7,3.22,101,241.8
Wednesday,Tony Scott,action,Beverly Hills Cop II,20/05/1987,Paramount Pictures,628,20,300,6.4,3.07,100,146.3
Wednesday,Ang Lee,adventure,Life of Pi,21/11/2012,Fox,630.8,120,609,8,3.8,127,484
Friday,Ridley Scott,action,Gladiator,5/5/2000,DreamWorks,631.9,103,457.6,8.5,3.96,155,269.9
Wednesday,John Woo,action,Mission: Impossible,24/05/2000,Paramount Pictures,632.1,120,457.7,7.1,3.39,123,276.7
Wednesday,Robert Zemeckis,adventure,Back to the Future Part II,22/11/1989,Universal,636.7,40,332,7.8,3.44,108,213.5
Wednesday,"Kevin Lima, Chris Buck",animation,Tarzan,16/06/1999,Buena Vista Studios,639.8,130,448.2,7.2,3.46,88,277.1
Wednesday,"Byron Howard, Nathan Greno",animation,Tangled,24/11/2010,Buena Vista Studios,645.4,260,591.8,7.8,3.85,100,391
Friday,Barry Sonnenfeld,action,MIB 3,25/05/2012,Sony,646.3,215,624,6.9,3.41,106,445
Friday,Jon Favreau,action,Iron Man,2/5/2008,Paramount Pictures,646.4,186,585.2,7.9,3.92,126,266.8
Friday,Marc Forster,action,Quantum of Solace,14/11/2008,Sony,647.4,230,586.1,6.7,3.38,106,417.7
Friday,"Tom McGrath, Eric Darnell",animation,Madagascar,27/05/2005,DreamWorks,648.6,75,532.7,6.9,3.1,86,339.1
Wednesday,Jay Roach,comedy,Meet the Fockers,22/12/2004,Universal,650.3,60,516.6,6.3,3.11,115,237.4
Friday,"Andrew Adamson, Vicky Jenson",animation,Shrek,18/05/2001,DreamWorks,650.4,50,484.4,7.9,3.85,90,216.7
Friday,"Christopher Williams, Don Hall",animation,Big Hero 6,7/11/2014,Buena Vista Studios,655,165,652.1,7.9,3.82,102,429.6
Friday,Alan Taylor,action,Thor: The Dark World,8/11/2013,Buena Vista Studios,658.2,170,644.8,7.1,3.51,112,438.4
Wednesday,"Andy Wachowski, Lana Wachowski",action,The Matrix,31/03/1999,WB,661.6,65,463.5,8.7,4.19,136,292
Friday,Justin Lin,action,Fast Five,29/04/2011,Universal,661.9,125,626.1,7.3,3.44,130,416.3
Wednesday,Robert Zemeckis,animation,Who Framed Roger Rabbit,22/06/1988,Buena Vista Studios,663,70,329.8,7.7,3.52,104,173.4
Wednesday,George P. Cosmatos,action,Rambo: First Blood Part II,22/05/1985,TriStar,663.9,44,300.4,6.4,2.8,96,150
Wednesday,Sylvester Stallone,action,Rocky IV,27/11/1985,UA Entertainment,664.1,28,300.5,6.7,2.82,91,172.6
Friday,"Tom McGrath, Eric Darnell",animation,Madagascar: Escape 2 Africa,7/11/2008,Pacific Data/DreamWorks,667,150,603.9,6.7,3.34,89,423.9
Friday,Adrian Lyne,drama,Fatal Attraction,18/09/1987,Paramount Pictures,670.1,14,320.1,6.9,3.44,119,163.5
Wednesday,Peter Jackson,adventure,King Kong,14/12/2005,Universal,670.3,207,550.5,7.3,3.34,187,332.4
Friday,Francis Lawrence,drama,I Am Legend,14/12/2007,WB,671.4,150,585.3,7.2,3.5,101,329
Friday,Phyllida Lloyd,comedy,Mamma Mia!,18/07/2008,Universal,673.5,52,609.8,6.4,3.17,108,465.7
Friday,Ivan Reitman,adventure,Ghostbusters,8/6/1984,Colombia Pictures,675.7,30,295.2,6.9,3.74,105,53
Wednesday,Christopher Nolan,sci-fi,Interstellar,5/11/2014,Paramount Pictures,675.7,165,672.7,8.7,4.05,169,484.7
Friday,Jon Favreau,action,Iron Man 2,7/5/2010,Paramount Pictures,680.4,170,623.9,7.1,3.61,124,311.5
Friday,Kevin Reynolds,action,Robin Hood: Prince of Thieves,14/06/1991,WB,681.8,50,390.5,6.9,3.28,143,225
Friday,Zack Snyder,action,Man of Steel,14/06/2013,WB,681.9,225,668,7.2,3.4,143,377
Friday,Roland Emmerich,sci-fi,The Day After Tomorrow,28/05/2004,Fox,685.2,125,544.3,6.4,3.05,124,357.5
Friday,Lewis Gilbert,action,Moonraker,29/06/1979,MGM,688.8,31,210.3,6.2,3.16,126,140
Wednesday,Peter Berg,action,Hancock,2/7/2008,Sony,689.7,150,624.4,6.5,3.22,92,396.4
Friday,"John Lasseter, Lee Unkrich, Ash Brannon",animation,Toy Story 2,19/11/1999,Buena Vista Studios,692.3,90,485,5.9,2.53,92,239.2
Wednesday,Mick Jackson,romance,The Bodyguard,25/11/1992,WB,696.6,25,411,7,3.34,129,289
Thursday,Jennifer Yuh Nelson,animation,Kung Fu Panda,5/6/2008,Pacific Data/DreamWorks,697.7,130,631.7,7.6,3.72,92,416.3
Friday,Steven Spielberg,action,Saving Private Ryan,24/07/1998,DreamWorks,702.9,65,481.8,7.6,3.65,169,265.3
Thursday,Jennifer Yuh Nelson,animation,Kung Fu Panda 2,26/05/2011,Pacific Data/DreamWorks,703.8,150,665.7,7.3,3.57,90,500.4
Friday,Martin Campbell,action,Casino Royale,17/11/2006,Sony,706.6,102,599,8,3.85,144,431.6
Friday,Matt Reeves,action,Dawn of the Planet of the Apes,11/7/2014,Fox,712,170,708.8,7.7,3.61,130,500.3
Friday,Peter Faiman,adventure,Crocodile Dundee,26/09/1986,Paramount Pictures,712.1,5,328.2,6.5,3.12,93,153.4
Friday,Marc Webb,action,The Amazing Spider-Man 2,2/5/2014,Sony,712.2,200,709,6.8,3.22,142,506.1
Friday,Barry Levinson,drama,Rain Man,16/12/1988,MGM,713.2,25,354.8,8,3.91,133,182
Friday,"Brad Bird, Jan Pinkava",animation,Ratatouille,29/06/2007,Buena Vista Studios,715.5,150,623.7,8,3.88,111,417.3
Friday,Gary Ross,action,The Hunger Games,23/03/2012,Lionsgate,715.9,80,691.2,7.3,3.71,142,283.2
Friday,"Joe Russo, Anthony Russo",action,Captain America: The Winter Soldier,4/4/2014,Buena Vista Studios,718,170,714.8,7.8,3.72,136,455
Wednesday,Steven Spielberg,action,War of the Worlds,29/06/2005,Paramount Pictures,720.5,132,591.7,6.5,3.15,116,357.5
Wednesday,Martin Brest,action,Beverly Hills Cop,5/12/1984,Paramount Pictures,724.2,15,316.4,7.3,3.54,105,81.6
Wednesday,Chris Columbus,comedy,Mrs. Doubtfire,24/11/1993,Fox,726.3,25,441.3,8,3.73,125,222.1
Friday,Alfonso Cuar„n,drama,Gravity,4/10/2013,WB,731.3,110,716.4,7.9,3.75,91,442.3
Friday,Brad Bird,action,Mission: Impossible - Ghost Protocol,16/12/2011,Paramount Pictures,734.4,145,694.7,7.4,3.64,133,485.3
Wednesday,"Gary Trousdale, Kirk Wise",animation,Beauty and the Beast,13/11/1991,Buena Vista Studios,742,20,425,7.2,3.67,84,206
Friday,Jan de Bont,action,Twister,10/5/1996,WB,749.5,88,494.5,6.3,3.23,113,252.8
Friday,Bryan Singer,action,X-Men: Days of Future Past,23/05/2014,Fox,751.5,200,748.1,8.1,3.82,131,514.2
Friday,Bill Condon,adventure,The Twilight Saga: Breaking Dawn Part 1,18/11/2011,Summit Entertainment,752.9,127.5,712.2,5.6,2.49,117,430.9
Wednesday,John Woo,action,Mission: Impossible II,24/05/2000,Paramount Pictures,754.6,120,546.4,6,2.96,123,331
Friday,Francis Lawrence,adventure,The Hunger Games: Mockingjay - Part 1,21/11/2014,Lionsgate,755.5,125,752.1,6.8,3.47,123,415
Friday,"Pete Docter, Lee Unkrich, David Silverman",animation,"Monsters, Inc.",2/11/2001,Buena Vista Studios,755.7,115,562.8,8.1,3.88,92,272.9
Friday,Dan Scanlon,animation,Monsters University,21/06/2013,Buena Vista Studios,759.1,200,743.6,7.4,3.65,104,475.1
Wednesday,David Slade,drama,The Twilight Saga: Eclipse,30/06/2010,Summit Entertainment,761.8,68,698.5,4.9,2.67,124,398
Friday,Robert Stromberg,action,Maleficent,30/05/2014,Buena Vista Studios,761.8,180,758.4,7,3.37,97,517
Wednesday,Steven Spielberg,action,Indiana Jones and the Temple of Doom,23/05/1984,Paramount Pictures,762.4,28,333.1,7.6,3.68,118,153.2
Wednesday,Mel Gibson,drama,The Passion of the Christ,25/02/2004,New Market Films,770.3,25,611.9,7.1,3.19,127,241.1
Friday,Kevin Costner,adventure,Dances with Wolves,9/11/1990,Orion,771.8,19,424.2,8,3.74,181,240
Friday,"Eric Darnell, Conrad Vernon, Tom McGrath",animation,Madagascar 3: Europe's Most Wanted,8/6/2012,Pacific Data/DreamWorks,773.6,145,746.9,7,3.32,93,530.5
Friday,Tony Scott,action,Top Gun,16/05/1986,Paramount Pictures,774.2,15,356.8,6.8,3.41,110,177
Friday,James Gunn,action,Guardians of the Galaxy,1/8/2014,Buena Vista Studios,777.7,170,774.2,8.1,3.85,121,441
Friday,Carlos Saldanha,animation,Ice Age: The Meltdown,31/03/2006,Fox,779.6,75,660.9,6.9,3.35,91,465.6
Tuesday,Marc Webb,action,The Amazing Spider-Man,3/7/2012,Sony,785,230,757.9,7.1,3.22,136,495.9
Friday,Chris Weitz,drama,The Twilight Saga: New Moon,20/11/2009,Summit Entertainment,786.8,50,709.8,4.6,2.58,130,413.2
Friday,Tim Burton,action,Batman,23/06/1989,WB,788.8,48,411.3,7.6,3.38,126,160.2
Friday,Brad Bird,animation,The Incredibles,5/11/2004,Buena Vista Studios,794.9,92,631.4,8,3.91,115,370
Friday,Justin Lin,action,Fast & Furious 6,24/05/2013,Universal,805.1,160,788.7,7.2,3.33,130,550
Wednesday,Michael Bay,action,Armageddon,1/7/1998,Buena Vista Studios,807.8,140,553.7,6.6,2.4,150,352.1
Friday,Pete Docter,animation,Up,29/05/2009,Buena Vista Studios,810.6,175,731.3,8.3,4.04,96,438.3
Tuesday,Michael Bay,action,Transformers,3/7/2007,Pacific Data/DreamWorks,814.1,151,709.7,7.1,3.33,144,390.5
Friday,Mike Mitchell,animation,Shrek Forever After,21/05/2010,Pacific Data/DreamWorks,820.8,165,752.6,6.4,3.27,93,513.9
Wednesday,Robert Zemeckis,adventure,Back to the Future,3/7/1985,Universal,842.3,19,381.1,8.5,3.91,116,170.5
Friday,Garry Marshall,comedy,Pretty Woman,23/03/1990,Buena Vista Studios,843.1,14,463.4,6.9,3.43,119,285
Wednesday,Gore Verbinski,action,Pirates of the Caribbean: The Curse of the Black Pearl,9/7/2003,Buena Vista Studios,845.6,125,654.3,8.1,3.86,143,348.9
Friday,Roland Emmerich,action,2012,13/11/2009,Sony,853.2,200,769.7,5.8,2.8,158,603.6
Wednesday,"Ron Clements, John Musker",animation,Aladdin,11/11/1992,Buena Vista Studios,854.4,28,504.1,8,3.68,90,286.7
Thursday,George Lucas,sci-fi,Star Wars: Episode II - Attack of the Clones,16/05/2002,Fox,858.4,115,649.4,6.7,3.12,142,338.7
Friday,Bill Condon,drama,The Twilight Saga: Breaking Dawn Part 2,16/11/2012,Lionsgate/Summit,859.4,136.2,829.7,8.2,2.67,115,537.4
Friday,Chris Columbus,adventure,Home Alone,16/11/1990,Fox,867.3,15,476.7,7.4,3.09,103,190.9
Thursday,Steven Spielberg,action,Indiana Jones and the Kingdom of the Crystal Skull,22/05/2008,Paramount Pictures,868.8,185,786.6,6.2,2.95,122,469.5
Wednesday,Barry Sonnenfeld,action,Men in Black,2/7/1997,Sony,873.3,90,589.4,7.2,3.56,98,338.7
Friday,Francis Lawrence,action,The Hunger Games: Catching Fire,22/11/2013,Lionsgate,882.9,130,864.9,7.7,3.73,146,440.2
Friday,Ron Howard,thriller,The Da Vinci Code,19/05/2006,Sony,894.4,125,758.2,6.5,3.13,149,540.7
Friday,Christopher Nolan,action,Inception,16/07/2010,WB,900.3,160,825.5,8.8,4.16,148,533
Friday,Andrew Adamson,adventure,"The Chronicles of Narnia: The Lion, the Witch and the Wardrobe",9/12/2005,Buena Vista Studios,907.1,180,745,6.9,3.48,143,453.3
Tuesday,James Cameron,action,Terminator 2: Judgment Day,2/7/1991,TriStar,907.6,100,519.8,8.5,3.93,137,315
Friday,"Steve Martino, Michael Thurmeier",animation,Ice Age: Continental Drift,13/07/2012,Fox,908.6,95,877.2,6.7,3.21,88,715.9
Wednesday,Steven Spielberg,action,Indiana Jones and the Last Crusade,24/05/1989,Paramount Pictures,909.4,48,474.2,8.3,4.01,127,277
Thursday,Steven Spielberg,action,The Lost World: Jurassic Park,22/05/1997,Universal,916.5,75,618.6,6.5,2.96,129,389.6
Friday,"Chris Miller, Raman Hui",animation,Shrek the Third,18/05/2007,Pacific Data/DreamWorks,916.6,160,799,6,3.09,93,476.2
Friday,Jerry Zucker,drama,Ghost,13/07/1990,Paramount Pictures,920.1,22,505.7,7,3.45,127,288.1
Wednesday,Michael Bay,action,Transformers: Revenge of the Fallen,24/06/2009,Pacific Data/DreamWorks,927,210,836.3,6,2.95,150,434.2
Friday,John Badham,drama,Saturday Night Fever,16/12/1977,Paramount Pictures,930.4,3.5,237.1,6.8,3.28,118,142.9
Thursday,"Lana Wachowski, Andy Wachowski",sci-fi,The Matrix Reloaded,15/05/2003,WB,959.1,127,742.1,7.2,3.3,138,460.6
Wednesday,Peter Jackson,adventure,The Hobbit: The Battle of the Five Armies,17/12/2014,WB,959.4,250,955.1,7.5,3.43,144,700
Friday,M. Night Shyamalan,drama,The Sixth Sense,6/8/1999,Buena Vista Studios,960.4,40,672.8,8.2,4.06,107,379.3
Friday,Peter Jackson,adventure,The Hobbit: The Desolation of Smaug,13/12/2013,WB,980.4,250,960.4,8,3.74,161,702
Wednesday,"Carlos Saldanha, Michael Thurmeier",animation,Ice Age: Dawn of the Dinosaurs,1/7/2009,Fox,982.9,90,886.7,7,3.4,94,690.1
Wednesday,Sam Raimi,action,Spider-Man 2,30/06/2004,Sony,986.7,200,783.8,7.3,3.55,127,410.2
Tuesday,"Chris Renaud, Pierre Coffin",animation,Despicable Me 2,2/7/2013,Universal,991,76,970.8,7.5,3.74,98,602.7
Friday,Alfonso Cuar„n,adventure,Harry Potter and the Prisoner of Azkaban,4/6/2004,WB,"1,003",130,796.7,7.8,3.75,141,547.1
Friday,Steven Spielberg,action,Raiders of the Lost Ark,12/6/1981,Paramount Pictures,"1,020",20,389.9,8.6,4.21,115,141.8
Friday,Sam Raimi,action,Spider-Man 3,4/5/2007,Sony,"1,022",258,890.9,6.2,3.02,139,554.3
Thursday,George Lucas,action,Star Wars: Episode III - Revenge of the Sith,19/05/2005,Fox,"1,033.50",115,848.8,7.7,3.47,140,468.5
Wednesday,David Yates,adventure,Harry Potter and the Half-Blood Prince,15/07/2009,WB,"1,035.70",250,934.4,7.5,3.82,153,632.5
Friday,David Yates,adventure,Harry Potter and the Deathly Hallows Part 1,19/11/2010,WB,"1,047.30",125,960.3,8.1,3.89,146,664.3
Friday,Peter Jackson,adventure,The Hobbit: An Unexpected Journey,14/12/2012,WB,"1,053.40",250,"1,017",8,3.79,169,714
Wednesday,David Yates,adventure,Harry Potter and the Order of the Phoenix,11/7/2007,WB,"1,078.20",150,939.9,7.4,3.74,138,647.9
Friday,Sam Raimi,action,Spider-Man,3/5/2002,Sony,"1,086.20",139,821.7,7.3,3.57,121,418
Wednesday,Robert Zemeckis,drama,Forrest Gump,6/7/1994,Paramount Pictures,"1,087.80",55,677.9,8.8,4.04,142,347.7
Friday,Mike Newell,adventure,Harry Potter and the Goblet of Fire,18/11/2005,WB,"1,092.10",150,896.9,7.6,3.72,157,606.9
Friday,Gore Verbinski,action,Pirates of the Caribbean: At World's End,25/05/2007,Buena Vista Studios,"1,105.20",300,963.4,7.1,3.4,169,654
Friday,Rob Marshall,action,Pirates of the Caribbean: On Stranger Tides,20/05/2011,Buena Vista Studios,"1,105.50",250,"1,045.70",6.7,3.34,137,804.6
Friday,Michael Bay,action,Transformers: Age of Extinction,27/06/2014,Paramount Pictures,"1,109",210,"1,104",5.8,2.53,165,858.6
Friday,Christopher Nolan,action,The Dark Knight,18/07/2008,WB,"1,109.60",185,"1,004.60",9,4.5,152,469.7
Friday,Tim Burton,adventure,Alice in Wonderland,5/3/2010,Buena Vista Studios,"1,118.40",200,"1,025.50",6.5,3.27,108,691.3
Friday,Christopher Nolan,action,The Dark Knight Rises,20/07/2012,WB,"1,123.20",275,"1,084.40",8.5,4.01,165,636.3
Wednesday,Richard Marquand,action,Return of the Jedi,25/05/1983,Fox,"1,134.30",32.5,475.1,8.4,3.99,134,165.8
Thursday,Sam Mendes,action,Skyfall,8/11/2012,Sony,"1,148.20",200,"1,108.60",7.8,3.81,143,804.2
Wednesday,"Andrew Adamson, Kelly Asbury, Conrad Vernon",animation,Shrek 2,19/05/2004,DreamWorks,"1,157.90",70,919.8,7.2,3.59,93,478.6
Friday,Lee Unkrich,animation,Toy Story 3,18/06/2010,Buena Vista Studios,"1,159.50",200,"1,063.20",8.4,4.01,103,648.2
Friday,Chris Columbus,adventure,Harry Potter and the Chamber of Secrets,15/11/2002,WB,"1,161.90",100,879,7.3,3.58,161,617
Wednesday,Peter Jackson,action,The Lord of the Rings: The Fellowship of the Ring,19/12/2001,New Line Cinema,"1,170.20",109,871.5,8.8,4.14,178,556
Wednesday,Michael Bay,action,Transformers: Dark of the Moon,29/06/2011,Pacific Data/DreamWorks,"1,188.10",195,"1,123.80",6.3,2.97,157,771.4
Wednesday,Steven Spielberg,drama,Close Encounters of the Third Kind,16/11/1977,Colombia Pictures,"1,192.20",20,303.8,7.7,3.78,132,171.7
Friday,"Andrew Stanton, Lee Unkrich",animation,Finding Nemo,30/05/2003,Buena Vista Studios,"1,210.60",94,936.7,8.2,3.89,100,555.9
Wednesday,Peter Jackson,action,The Lord of the Rings: The Two Towers,18/12/2002,New Line Cinema,"1,224.10",94,926,8.7,4.1,179,583.5
Wednesday,Roland Emmerich,action,Independence Day,3/7/1996,Fox,"1,238.90",75,817.4,6.9,3.4,145,511.2
Friday,Shane Black,action,Iron Man 3,3/5/2013,Buena Vista Studios,"1,240.70",200,"1,215.40",7.3,3.68,130,806.4
Friday,Colin Trevorrow,action,Jurassic World,12/6/2015,Universal,"1,245.90",215,"1,245.90",7.5,3.45,124,745.5
Friday,Gore Verbinski,action,Pirates of the Caribbean: Dead Man's Chest,7/7/2006,Buena Vista Studios,"1,257.70",225,"1,066.20",7.3,3.47,151,642.9
Friday,"Chris Buck, Jennifer Lee",animation,Frozen,22/11/2013,Buena Vista Studios,"1,300.70",150,"1,274.20",7.7,3.71,102,873.5
Friday,Chris Columbus,adventure,Harry Potter and the Sorcerer's Stone,16/11/2001,WB,"1,308.90",125,974.8,7.5,3.62,152,657.2
Friday,Joss Whedon,action,Avengers: Age of Ultron,1/5/2015,Buena Vista Studios,"1,371.60",250,"1,371.60",7.9,3.75,141,919.1
Wednesday,Francis Ford Coppola,crime,The Godfather,15/03/1972,Paramount Pictures,"1,394.40",7,245.1,9.2,4.36,175,110.1
Friday,David Yates,fantasy,Harry Potter and the Deathly Hallows Part 2,15/07/2011,WB,"1,418.20",125,"1,341.50",8.1,3.96,130,960.5
Friday,Randal Kleiser,musical,Grease,16/06/1978,Paramount Pictures,"1,440.70",6,395,7.2,3.31,110,206.2
Wednesday,Peter Jackson,fantasy,The Lord of the Rings: The Return of the King,17/12/2003,New Line Cinema,"1,447.40",94,"1,119.90",8.9,4.14,201,742.1
Wednesday,George Lucas,sci-fi,Star Wars: Episode I - The Phantom Menace,19/05/1999,Fox,"1,465.90",115,"1,027",6.6,3.1,136,552.5
Friday,James Wan,action,Furious 7,3/4/2015,Universal,"1,511.60",190,"1,511.60",7.6,3.34,137,"1,160.60"
Wednesday,Irvin Kershner,sci-fi,The Empire Strikes Back,21/05/1980,Fox,"1,553.80",23,538.4,8.8,4.18,124,247.9
Friday,Joss Whedon,action,Marvel's The Avengers,4/5/2012,Buena Vista Studios,"1,572.90",220,"1,518.60",8.2,3.95,143,895.2
Wednesday,"Roger Allers, Rob Minkoff",animation,The Lion King,15/06/1994,Buena Vista Studios,"1,584.60",79.3,987.5,8.5,3.78,89,564.7
Friday,Steven Spielberg,adventure,Jurassic Park,11/6/1993,Universal,"1,693.80",63,"1,029.20",8.1,3.66,127,626.7
Wednesday,"Wolfgang Reitherman, Clyde Geronimi, Hamilton Luske",animation,101 Dalmatians,25/01/1961,Disney,"1,717.10",75,215.9,6.4,3.42,79,71
Friday,Steven Spielberg,adventure,E.T.: The Extra-Terrestrial,11/6/1982,Universal,"1,953.90",10.5,792.9,7.9,3.76,115,357.8
Friday,Steven Spielberg,thriller,Jaws,20/06/1975,Universal,"2,080.60",12,470.7,8.1,3.81,124,210.7
Tuesday,Richard Fleischer,adventure,Doctor Dolittle,19/12/1967,Fox,"2,096.80",70.5,294.5,5.3,3.01,152,150.3
Wednesday,William Friedkin,horror,The Exorcist,26/12/1973,WB,"2,363.60",12,441.3,6.9,3.39,122,208.4
Wednesday,George Lucas,action,Star Wars,25/05/1977,Fox,"3,042.80",11,775.4,8.7,4.19,121,314.4
Friday,James Cameron,sci-fi,Avatar,18/12/2009,Fox,"3,090.40",237,"2,788",7.9,3.78,162,"2,027.50"
Wednesday,James Cameron,drama,Titanic,17/12/1997,Paramount Pictures,"3,240.10",200,"2,186.80",7.7,3.38,194,"1,528.10"
Friday,"George Cukor, Victor Fleming, Sam Wood",drama,Gone with the Wind,15/12/1939,MGM,"6,846.70",3.9,400.2,8.2,3.83,238,201.5
